id,file_name,designed_sequence,designed_chain_sequence,num_prot_tokens,num_lig_atoms,num_resolved_tokens,num_tokens,num_design,UNK_fraction,GLY_fraction,ALA_fraction,CYS_fraction,SER_fraction,PRO_fraction,THR_fraction,VAL_fraction,ILE_fraction,ASN_fraction,ASP_fraction,LEU_fraction,MET_fraction,GLN_fraction,GLU_fraction,LYS_fraction,HIS_fraction,PHE_fraction,ARG_fraction,TYR_fraction,TRP_fraction,loop,helix,sheet,liability_score,liability_num_violations,liability_high_severity_violations,liability_medium_severity_violations,liability_low_severity_violations,liability_AspBridge_count,liability_AspCleave_count,liability_ProtTryp_count,liability_MetOx_count,liability_TrpOx_count,liability_HydroPatch_count,liability_ProtTryp_position,liability_ProtTryp_length,liability_ProtTryp_severity,liability_ProtTryp_details,liability_ProtTryp_positions,liability_ProtTryp_num_positions,liability_ProtTryp_global_details,liability_ProtTryp_avg_severity,liability_TrpOx_position,liability_TrpOx_length,liability_TrpOx_severity,liability_TrpOx_details,liability_TrpOx_positions,liability_TrpOx_num_positions,liability_TrpOx_global_details,liability_TrpOx_avg_severity,liability_AspBridge_position,liability_AspBridge_length,liability_AspBridge_severity,liability_AspBridge_details,liability_AspBridge_positions,liability_AspBridge_num_positions,liability_AspBridge_global_details,liability_AspBridge_avg_severity,liability_MetOx_position,liability_MetOx_length,liability_MetOx_severity,liability_MetOx_details,liability_MetOx_positions,liability_MetOx_num_positions,liability_MetOx_global_details,liability_MetOx_avg_severity,liability_AspCleave_position,liability_AspCleave_length,liability_AspCleave_severity,liability_AspCleave_details,liability_AspCleave_positions,liability_AspCleave_num_positions,liability_AspCleave_global_details,liability_AspCleave_avg_severity,liability_NTCycl_count,liability_NTCycl_position,liability_NTCycl_length,liability_NTCycl_severity,liability_NTCycl_details,liability_NTCycl_positions,liability_NTCycl_num_positions,liability_NTCycl_global_details,liability_NTCycl_avg_severity,liability_DPP4_count,liability_DPP4_position,liability_DPP4_length,liability_DPP4_severity,liability_DPP4_details,liability_DPP4_positions,liability_DPP4_num_positions,liability_DPP4_global_details,liability_DPP4_avg_severity,liability_HydroPatch_position,liability_HydroPatch_length,liability_HydroPatch_severity,liability_HydroPatch_details,liability_HydroPatch_positions,liability_HydroPatch_num_positions,liability_HydroPatch_global_details,liability_HydroPatch_avg_severity,liability_violations_summary,native_rmsd,native_rmsd_bb,native_rmsd_refolded,native_rmsd_bb_refolded,bb_rmsd,bb_rmsd_design,bb_rmsd_target,bb_rmsd_design_target,bb_target_aligned_rmsd_design,bb_rmsd<2.5,bb_target_aligned<2.5,bb_designability_rmsd_2,bb_designability_rmsd_4,ligand_iptm,interaction_pae,min_interaction_pae,min_design_to_target_pae,iptm,ptm,protein_iptm,design_iptm,design_iiptm,design_to_target_iptm,design_residue_iptm,target_ptm,design_ptm,design_ipsae_min,design_to_target_ipsae,target_to_design_ipsae,complex_plddt,complex_iplddt,complex_pde,complex_ipde,min_interaction_pae<1.5,min_interaction_pae<2,min_interaction_pae<2.5,min_interaction_pae<3,min_interaction_pae<4,min_interaction_pae<5,design_ptm>80,design_ptm>75,design_iptm>80,design_iptm>70,design_iptm>60,design_iptm>50,design_chain_hydrophobicity,design_hydrophobicity,delta_sasa_refolded,design_sasa_unbound_refolded,design_sasa_bound_refolded,plip_hbonds_refolded,plip_saltbridge_refolded,liability_details
penguinpox_00,penguinpox_00.cif,GTSGITLNNINYDGSTATTVGRVNIPTDESYYDY,EVQLVESGGGLVQPGGSLRLSCAASGTSGITLNNMAWYRQAPGKGRELVAGINYDGSTSYADSVKGRFTISRDNAKNTLYLQMNSLRPEDTAVYYCAATTVGRVNIPTDESYYDYWGQGTLVTVSS,327,0,327.00000,327.00000,34,0.00000,0.11765,0.02941,0.00000,0.08824,0.02941,0.17647,0.05882,0.08824,0.11765,0.08824,0.02941,0.00000,0.00000,0.02941,0.00000,0.00000,0.00000,0.02941,0.11765,0.00000,0.85294,0.08824,0.05882,180,20,16,4,0,0,0,0,0,0,0,-1,0,0,,19-103,10,,10.00000,-1,0,0,,37-116,2,,10.00000,-1,0,0,,74-84,2,,10.00000,-1,0,0,,35-83,2,,5.00000,-1,0,0,,55-62,2,,10.00000,0,-1,0,0,,,0,,0.00000,0,-1,0,0,,,0,,0.00000,-1,0,0,,79-93,2,,5.00000,"AspBridgex2(pos74-84,sev10); AspCleavex2(pos55-62,sev10); ProtTrypx10(pos19-103,sev10); MetOxx2(pos35-83,sev5); TrpOxx2(pos37-116,sev10); HydroPatchx2(pos79-93,sev5)",0.00000,0.00000,0.00000,0.00000,22.98055,1.56963,3.62139,8.21192,37.89790,False,False,True,True,0.00000,25.99403,21.46563,21.97270,0.12656,0.41904,0.12656,0.12656,0.12656,0.13273,0.13273,0.61461,0.79102,0.00000,0.00000,0.00000,0.65398,0.58377,1.60580,14.53070,False,False,False,False,False,False,False,True,False,False,False,False,45.90550,35.72530,848.28613,12822.03223,11973.74609,2,1,
penguinpox_01,penguinpox_01.cif,GNIESINDISSSTVSATANGVYYSWV,EVQLVESGGGLVQPGGSLRLSCAASGNIESINDMAWYRQAPGKGRELVAGISSSTSYADSVKGRFTISRDNAKNTLYLQMNSLRPEDTAVYYCAVSATANGVYYSWVWGQGTLVTVSS,319,0,319.00000,319.00000,26,0.00000,0.07692,0.07692,0.00000,0.23077,0.00000,0.07692,0.11538,0.11538,0.11538,0.03846,0.00000,0.00000,0.00000,0.03846,0.00000,0.00000,0.00000,0.00000,0.07692,0.03846,0.57692,0.00000,0.42308,190,22,16,6,0,0,0,0,0,0,0,-1,0,0,,19-84,9,,10.00000,-1,0,0,,36-108,3,,10.00000,-1,0,0,,71-100,3,,10.00000,-1,0,0,,34-80,2,,5.00000,59,2,10,,,0,,0.00000,0,-1,0,0,,,0,,0.00000,0,-1,0,0,,,0,,0.00000,-1,0,0,,76-106,4,,5.00000,"AspBridgex3(pos71-100,sev10); AspCleave(pos59,sev10); ProtTrypx9(pos19-84,sev10); MetOxx2(pos34-80,sev5); TrpOxx3(pos36-108,sev10); HydroPatchx4(pos76-106,sev5)",0.00000,0.00000,0.00000,0.00000,11.46337,2.65264,3.12338,20.51181,21.18693,False,False,False,True,0.00000,27.11304,22.99167,23.70659,0.10625,0.40954,0.10625,0.10625,0.10625,0.11078,0.11078,0.59788,0.75601,0.00000,0.00000,0.00000,0.66480,0.63120,1.66864,13.58554,False,False,False,False,False,False,False,True,False,False,False,False,47.70090,37.76620,517.11719,11981.02930,11463.91211,4,0,
penguinpox_02,penguinpox_02.cif,GHNYRGSGPYASTDTSYFAY,EVQLVESGGGLVQPGGSLRLSCAASGHNAMGWLRQAPGKEREFVAAIYRGSTYYADSVKGRFTISRDNSKNTLYLQMNSLRPEDTAVYYCATGPYASTDTSYFAYWGQGTLVTVSS,317,0,317.00000,317.00000,20,0.00000,0.15000,0.10000,0.00000,0.15000,0.05000,0.10000,0.00000,0.00000,0.05000,0.05000,0.00000,0.00000,0.00000,0.00000,0.00000,0.05000,0.05000,0.05000,0.20000,0.00000,0.75000,0.15000,0.10000,180,20,16,4,0,0,0,0,0,0,0,-1,0,0,,19-81,10,,10.00000,-1,0,0,,32-106,2,,10.00000,-1,0,0,,28-78,3,,10.00000,-1,0,0,,30-77,2,,5.00000,56,2,10,,,0,,0.00000,0,-1,0,0,,,0,,0.00000,0,-1,0,0,,,0,,0.00000,-1,0,0,,73-87,2,,5.00000,"AspBridgex3(pos28-78,sev10); AspCleave(pos56,sev10); ProtTrypx10(pos19-81,sev10); MetOxx2(pos30-77,sev5); TrpOxx2(pos32-106,sev10); HydroPatchx2(pos73-87,sev5)",0.00000,0.00000,0.00000,0.00000,14.51327,1.44146,7.53023,7.13560,29.27368,False,False,True,True,0.00000,26.57109,21.48322,21.48322,0.10419,0.42857,0.10419,0.10419,0.11665,0.12555,0.12555,0.62044,0.76360,0.00000,0.00000,0.00000,0.65269,0.61356,1.54882,13.55133,False,False,False,False,False,False,False,True,False,False,False,False,46.85760,26.97800,696.39941,12257.83496,11561.43555,2,1,
penguinpox_03,penguinpox_03.cif,GSFYKGSKSDTIGTDYSDTSKYKY,EVQLVESGGGLVQPGGSLRLSCAASGSFYAMGWLRQAPGKEREFVAAIKGSKTYYADSVKGRFTISRDNSKNTLYLQMNSLRPEDTAVYYCATSDTIGTDYSDTSKYKYWGQGTLVTVSS,321,0,321.00000,321.00000,24,0.00000,0.12500,0.00000,0.00000,0.20833,0.00000,0.12500,0.00000,0.04167,0.00000,0.12500,0.00000,0.00000,0.00000,0.00000,0.16667,0.00000,0.04167,0.00000,0.16667,0.00000,0.79167,0.12500,0.08333,200,22,18,4,0,0,0,0,0,0,0,-1,0,0,,19-108,13,,10.00000,-1,0,0,,33-110,2,,10.00000,-1,0,0,,69-79,2,,10.00000,-1,0,0,,31-78,2,,5.00000,57,2,10,,,0,,0.00000,0,-1,0,0,,,0,,0.00000,0,-1,0,0,,,0,,0.00000,-1,0,0,,74-88,2,,5.00000,"AspBridgex2(pos69-79,sev10); AspCleave(pos57,sev10); ProtTrypx13(pos19-108,sev10); MetOxx2(pos31-78,sev5); TrpOxx2(pos33-110,sev10); HydroPatchx2(pos74-88,sev5)",0.00000,0.00000,0.00000,0.00000,14.97947,2.14993,1.73425,15.78261,29.12179,False,False,False,True,0.00000,25.59672,19.94506,19.94506,0.12792,0.44209,0.12792,0.12792,0.13779,0.14060,0.14060,0.64197,0.77666,0.00000,0.00000,0.00000,0.66203,0.61934,1.43069,13.39256,False,False,False,False,False,False,False,True,False,False,False,False,45.66490,25.74540,564.08887,11956.02148,11391.93262,2,1,
penguinpox_04,penguinpox_04.cif,GGTPTYITSGGNTATVNDPVKGPTTY,EVQLVESGGGLVQPGGSLRLSCAASGGTPTYMAWYRQAPGKGRELVAGITSGGNTSYADSVKGRFTISRDNAKNTLYLQMNSLRPEDTAVYYCAATVNDPVKGPTTYWGQGTLVTVSS,319,0,319.00000,319.00000,26,0.00000,0.19231,0.03846,0.00000,0.03846,0.11538,0.26923,0.07692,0.03846,0.07692,0.03846,0.00000,0.00000,0.00000,0.00000,0.03846,0.00000,0.00000,0.00000,0.07692,0.00000,0.65385,0.00000,0.34615,180,20,16,4,0,0,0,0,0,0,0,-1,0,0,,19-102,10,,10.00000,-1,0,0,,34-108,2,,10.00000,-1,0,0,,71-81,2,,10.00000,-1,0,0,,32-80,2,,5.00000,-1,0,0,,59-99,2,,10.00000,0,-1,0,0,,,0,,0.00000,0,-1,0,0,,,0,,0.00000,-1,0,0,,76-90,2,,5.00000,"AspBridgex2(pos71-81,sev10); AspCleavex2(pos59-99,sev10); ProtTrypx10(pos19-102,sev10); MetOxx2(pos32-80,sev5); TrpOxx2(pos34-108,sev10); HydroPatchx2(pos76-90,sev5)",0.00000,0.00000,0.00000,0.00000,13.40517,0.86488,6.23431,9.61445,29.02999,False,False,True,True,0.00000,26.25337,21.93674,22.36390,0.11141,0.42998,0.11141,0.11141,0.12146,0.13007,0.13007,0.62245,0.74957,0.00000,0.00000,0.00000,0.64057,0.58996,1.61764,13.87254,False,False,False,False,False,False,False,False,False,False,False,False,43.53750,26.43960,578.55078,12026.31250,11447.76172,1,1,
penguinpox_05,penguinpox_05.cif,GFTLSNYSYSSNFIKTSDPSYLTNVDSYAY,EVQLVESGGGLVQPGGSLRLSCAASGFTLSNYAMGWLRQAPGKEREFVAAISYSTYYADSVKGRFTISRDNSKNTLYLQMNSLRPEDTAVYYCATSNFIKTSDPSYLTNVDSYAYWGQGTLVTVSS,327,0,327.00000,327.00000,30,0.00000,0.03333,0.03333,0.00000,0.23333,0.03333,0.10000,0.03333,0.03333,0.10000,0.06667,0.06667,0.00000,0.00000,0.00000,0.03333,0.00000,0.06667,0.00000,0.16667,0.00000,0.66667,0.33333,0.00000,190,21,17,4,0,0,0,0,0,0,0,-1,0,0,,19-100,10,,10.00000,-1,0,0,,36-116,2,,10.00000,-1,0,0,,71-81,2,,10.00000,-1,0,0,,34-80,2,,5.00000,-1,0,0,,59-111,3,,10.00000,0,-1,0,0,,,0,,0.00000,0,-1,0,0,,,0,,0.00000,-1,0,0,,76-90,2,,5.00000,"AspBridgex2(pos71-81,sev10); AspCleavex3(pos59-111,sev10); ProtTrypx10(pos19-100,sev10); MetOxx2(pos34-80,sev5); TrpOxx2(pos36-116,sev10); HydroPatchx2(pos76-90,sev5)",0.00000,0.00000,0.00000,0.00000,24.73776,0.65691,4.15718,9.97660,34.38353,False,False,True,True,0.00000,26.07416,22.72136,22.72136,0.11998,0.41269,0.11998,0.11998,0.11998,0.12009,0.12009,0.61013,0.79574,0.00000,0.00000,0.00000,0.65428,0.58880,1.53386,14.52610,False,False,False,False,False,False,False,True,False,False,False,False,50.75240,40.65990,560.75586,12240.04395,11679.28809,0,2,
penguinpox_06,penguinpox_06.cif,GFTFSSYSGSGSYSSYPDAGGLSTGGYDY,EVQLVESGGGLVQPGGSLRLSCAASGFTFSSYAMGWLRQAPGKEREFVAAISGSGSYTYYADSVKGRFTISRDNSKNTLYLQMNSLRPEDTAVYYCATSSYPDAGGLSTGGYDYWGQGTLVTVSS,326,0,326.00000,326.00000,29,0.00000,0.24138,0.03448,0.00000,0.27586,0.03448,0.06897,0.00000,0.00000,0.00000,0.06897,0.03448,0.00000,0.00000,0.00000,0.00000,0.00000,0.06897,0.00000,0.17241,0.00000,0.79310,0.20690,0.00000,160,18,14,4,0,0,0,0,0,0,0,-1,0,0,,19-87,9,,10.00000,-1,0,0,,36-115,2,,10.00000,-1,0,0,,74-84,2,,10.00000,-1,0,0,,34-83,2,,5.00000,62,2,10,,,0,,0.00000,0,-1,0,0,,,0,,0.00000,0,-1,0,0,,,0,,0.00000,-1,0,0,,79-93,2,,5.00000,"AspBridgex2(pos74-84,sev10); AspCleave(pos62,sev10); ProtTrypx9(pos19-87,sev10); MetOxx2(pos34-83,sev5); TrpOxx2(pos36-115,sev10); HydroPatchx2(pos79-93,sev5)",0.00000,0.00000,0.00000,0.00000,19.30753,2.21924,4.08570,12.90644,38.05288,False,False,False,True,0.00000,23.15577,17.30045,17.30045,0.17799,0.41427,0.17799,0.17799,0.18093,0.19539,0.19539,0.58053,0.78473,0.00000,0.00000,0.00000,0.64305,0.54155,1.69130,12.28751,False,False,False,False,False,False,False,True,False,False,False,False,48.10430,34.27360,1012.85742,11325.35840,10312.50098,3,1,
penguinpox_07,penguinpox_07.cif,GATLPSSSLIKGSSTVGSGGFSEGSFVY,EVQLVESGGGLVQPGGSLRLSCAASGATLPSSSLMAWYRQAPGKGRELVAGIKGSSTSYADSVKGRFTISRDNAKNTLYLQMNSLRPEDTAVYYCAVGSGGFSEGSFVYWGQGTLVTVSS,321,0,321.00000,321.00000,28,0.00000,0.21429,0.03571,0.00000,0.28571,0.03571,0.07143,0.07143,0.03571,0.00000,0.00000,0.07143,0.00000,0.00000,0.03571,0.03571,0.00000,0.07143,0.00000,0.03571,0.00000,0.71429,0.10714,0.17857,175,20,15,5,0,0,0,0,0,0,0,-1,0,0,,19-86,10,,10.00000,-1,0,0,,37-110,2,,10.00000,-1,0,0,,73-83,2,,10.00000,-1,0,0,,35-82,2,,5.00000,61,2,10,,,0,,0.00000,0,-1,0,0,,,0,,0.00000,0,-1,0,0,,,0,,0.00000,-1,0,0,,78-107,3,,5.00000,"AspBridgex2(pos73-83,sev10); AspCleave(pos61,sev10); ProtTrypx10(pos19-86,sev10); MetOxx2(pos35-82,sev5); TrpOxx2(pos37-110,sev10); HydroPatchx3(pos78-107,sev5)",0.00000,0.00000,0.00000,0.00000,1.43477,1.39769,1.33501,1.83677,1.65485,True,True,True,True,0.00000,22.66887,15.31615,15.31615,0.19790,0.45708,0.19790,0.19790,0.21995,0.25244,0.25244,0.63233,0.74720,0.00000,0.00000,0.00000,0.67001,0.61938,1.53390,12.57122,False,False,False,False,False,False,False,False,False,False,False,False,47.39120,36.40090,657.58984,12372.58203,11714.99219,4,0,
penguinpox_08,penguinpox_08.cif,GGTPSTSSGSTPTPSDDSAYKNEGFYEYW,EVQLVESGGGLVQAGGSLSISCAASGGTPSVLGWFRQAPGKEREFVAAITSSGSTTIGPPNVEGRFTISRDNAKNTGYLQMNSLAPDDTAVYYCGAGPTPSDDSAYKNEGFYEYWGRGTQVTVSS,326,0,326.00000,326.00000,29,0.00000,0.13793,0.03448,0.00000,0.20690,0.10345,0.13793,0.00000,0.00000,0.03448,0.06897,0.00000,0.00000,0.00000,0.06897,0.03448,0.00000,0.03448,0.00000,0.10345,0.03448,0.72414,0.27586,0.00000,140,15,13,2,0,0,0,0,0,0,0,-1,0,0,,36-117,8,,10.00000,-1,0,0,,34-115,2,,10.00000,-1,0,0,,72-82,2,,10.00000,81,1,5,,,0,,0.00000,103,2,10,,,0,,0.00000,0,-1,0,0,,,0,,0.00000,0,-1,0,0,,,0,,0.00000,91,3,5,,,0,,0.00000,"AspBridgex2(pos72-82,sev10); AspCleave(pos103,sev10); ProtTrypx8(pos36-117,sev10); MetOx(pos81,sev5); TrpOxx2(pos34-115,sev10); HydroPatch(pos91,sev5)",0.00000,0.00000,0.00000,0.00000,20.45102,0.79144,1.32813,24.23149,45.16581,False,False,True,True,0.00000,26.28708,21.47174,21.47174,0.11279,0.42100,0.11279,0.11279,0.11882,0.12578,0.12578,0.61628,0.77412,0.00000,0.00000,0.00000,0.67656,0.63344,1.57287,13.69405,False,False,False,False,False,False,False,True,False,False,False,False,43.48990,30.33060,686.31055,11913.94727,11227.63672,5,2,
penguinpox_09,penguinpox_09.cif,SGSFTFSSYAISPDGSYTARHGTAGVQGLSTDTSDWSY,EVQLVESGGGLVQPGGSLRLSCAASGSFTFSSYAMGWFRQAPGKGRELVAAISPDGSYTYYPDSVEGRFTISRDNAKRMVYLQMNSLRAEDTAVYYCARHGTAGVQGLSTDTSDWSYWGQGTQVTVSS,329,0,329.00000,329.00000,38,0.00000,0.13158,0.07895,0.00000,0.23684,0.02632,0.13158,0.02632,0.02632,0.00000,0.07895,0.02632,0.00000,0.02632,0.00000,0.00000,0.02632,0.05263,0.02632,0.07895,0.02632,0.73684,0.15789,0.10526,195,22,17,5,0,0,0,0,0,0,0,-1,0,0,,19-99,10,,10.00000,-1,0,0,,37-118,3,,10.00000,-1,0,0,,75-85,2,,10.00000,-1,0,0,,35-84,3,,5.00000,-1,0,0,,55-63,2,,10.00000,0,-1,0,0,,,0,,0.00000,0,-1,0,0,,,0,,0.00000,-1,0,0,,80-94,2,,5.00000,"AspBridgex2(pos75-85,sev10); AspCleavex2(pos55-63,sev10); ProtTrypx10(pos19-99,sev10); MetOxx3(pos35-84,sev5); TrpOxx3(pos37-118,sev10); HydroPatchx2(pos80-94,sev5)",0.00000,0.00000,0.00000,0.00000,21.39160,0.68213,4.19349,15.00347,40.81318,False,False,True,True,0.00000,26.10161,21.81372,21.81372,0.11756,0.40746,0.11756,0.11756,0.12042,0.12898,0.12898,0.60350,0.76381,0.00000,0.00000,0.00000,0.66338,0.60997,1.60504,13.66961,False,False,False,False,False,False,False,True,False,False,False,False,47.29690,37.73570,866.39746,11705.55176,10839.15430,6,2,
penguinpox_10,penguinpox_10.cif,SGSNFDFSSYAISNDGSTARARSSFPSSLGDTLEEAYGDTSMFAY,EVQLVESGGGLVQPGGSLRLSCAASGSNFDFSSYAMGWFRQAPGKGRELVAAISNDGSTYYPDSVEGRFTISRDNAKRMVYLQMNSLRAEDTAVYYCARARSSFPSSLGDTLEEAYGDTSMFAYWGQGTQVTVSS,336,0,336.00000,336.00000,45,0.00000,0.08889,0.11111,0.00000,0.24444,0.02222,0.06667,0.00000,0.02222,0.04444,0.08889,0.04444,0.02222,0.00000,0.04444,0.00000,0.00000,0.08889,0.04444,0.06667,0.00000,0.60000,0.31111,0.08889,200,23,17,6,0,0,0,0,0,0,0,-1,0,0,,19-101,11,,10.00000,-1,0,0,,38-125,2,,10.00000,-1,0,0,,75-85,2,,10.00000,-1,0,0,,36-121,4,,5.00000,-1,0,0,,56-63,2,,10.00000,0,-1,0,0,,,0,,0.00000,0,-1,0,0,,,0,,0.00000,-1,0,0,,80-94,2,,5.00000,"AspBridgex2(pos75-85,sev10); AspCleavex2(pos56-63,sev10); ProtTrypx11(pos19-101,sev10); MetOxx4(pos36-121,sev5); TrpOxx2(pos38-125,sev10); HydroPatchx2(pos80-94,sev5)",0.00000,0.00000,0.00000,0.00000,20.76946,1.85874,3.64502,12.12797,38.39926,False,False,True,True,0.00000,22.85692,15.64550,15.64550,0.18959,0.42022,0.18959,0.18959,0.21491,0.20269,0.20269,0.60104,0.71909,0.00000,0.00000,0.00000,0.65156,0.55643,1.62291,11.40235,False,False,False,False,False,False,False,False,False,False,False,False,48.42650,39.64130,1197.37305,11797.26172,10599.88867,2,5,
penguinpox_11,penguinpox_11.cif,GGSLSTPGTSRDLDGEATRGSSYLSTAAENAEAAKDESAFDYW,EVQLVESGGGLVQAGGSLSISCAASGGSLSTPGTVLGWFRQAPGKEREFVAAISRDLDGEATTIGPPNVEGRFTISRDNAKNTGYLQMNSLAPDDTAVYYCGAGRGSSYLSTAAENAEAAKDESAFDYWGRGTQVTVSS,340,0,340.00000,340.00000,43,0.00000,0.11628,0.16279,0.00000,0.16279,0.02326,0.09302,0.00000,0.00000,0.02326,0.09302,0.06977,0.00000,0.00000,0.09302,0.02326,0.00000,0.02326,0.04651,0.04651,0.02326,0.62791,0.23256,0.13953,170,18,16,2,0,0,0,0,0,0,0,-1,0,0,,40-131,10,,10.00000,-1,0,0,,38-129,2,,10.00000,-1,0,0,,79-116,3,,10.00000,88,1,5,,,0,,0.00000,58,2,10,,,0,,0.00000,0,-1,0,0,,,0,,0.00000,0,-1,0,0,,,0,,0.00000,98,3,5,,,0,,0.00000,"AspBridgex3(pos79-116,sev10); AspCleave(pos58,sev10); ProtTrypx10(pos40-131,sev10); MetOx(pos88,sev5); TrpOxx2(pos38-129,sev10); HydroPatch(pos98,sev5)",0.00000,0.00000,0.00000,0.00000,19.50670,2.18063,2.22985,16.09810,41.29081,False,False,False,True,0.00000,23.33248,18.17935,18.17935,0.18956,0.41947,0.18956,0.18956,0.18956,0.19043,0.19043,0.60877,0.74593,0.00000,0.00000,0.00000,0.64507,0.56159,1.68997,13.46309,False,False,False,False,False,False,False,False,False,False,False,False,43.51260,33.47970,1185.49316,12133.42383,10947.93066,4,4,
penguinpox_12,penguinpox_12.cif,GDSSYTIYDISFKSNGSKVNYSSDNGYGKRSVY,EVQLVESGGGLVQPGGSLRLSCAASGDSSYTIYDMAWYRQAPGKGRELVAGISFKSNGSKSYADSVKGRFTISRDNAKNTLYLQMNSLRPEDTAVYYCAVNYSSDNGYGKRSVYWGQGTLVTVSS,326,0,326.00000,326.00000,33,0.00000,0.12121,0.00000,0.00000,0.24242,0.00000,0.03030,0.06061,0.06061,0.09091,0.09091,0.00000,0.00000,0.00000,0.00000,0.09091,0.00000,0.03030,0.03030,0.15152,0.00000,0.57576,0.09091,0.33333,235,26,21,5,0,0,0,0,0,0,0,-1,0,0,,19-111,13,,10.00000,-1,0,0,,37-115,2,,10.00000,-1,0,0,,57-106,4,,10.00000,-1,0,0,,35-85,2,,5.00000,-1,0,0,,27-64,2,,10.00000,0,-1,0,0,,,0,,0.00000,0,-1,0,0,,,0,,0.00000,-1,0,0,,81-113,3,,5.00000,"AspBridgex4(pos57-106,sev10); AspCleavex2(pos27-64,sev10); ProtTrypx13(pos19-111,sev10); MetOxx2(pos35-85,sev5); TrpOxx2(pos37-115,sev10); HydroPatchx3(pos81-113,sev5)",0.00000,0.00000,0.00000,0.00000,8.47326,3.34475,2.90561,12.56428,11.88591,False,False,False,True,0.00000,26.57969,21.30233,21.30233,0.10325,0.41351,0.10325,0.10325,0.12312,0.12371,0.12371,0.61413,0.73574,0.00000,0.00000,0.00000,0.65840,0.62624,1.61252,12.57106,False,False,False,False,False,False,False,False,False,False,False,False,44.02340,30.36450,444.49805,11817.34180,11372.84375,2,1,
penguinpox_13,penguinpox_13.cif,GGSLDDSVRGSSTPSSLSEEARKAASGWPYW,EVQLVESGGGLVQAGGSLSISCAASGGSLDDSVVLGWFRQAPGKEREFVAAIRGSSTTIGPPNVEGRFTISRDNAKNTGYLQMNSLAPDDTAVYYCGAGPSSLSEEARKAASGWPYWGRGTQVTVSS,328,0,328.00000,328.00000,31,0.00000,0.12903,0.09677,0.00000,0.25806,0.06452,0.03226,0.03226,0.00000,0.00000,0.06452,0.06452,0.00000,0.00000,0.06452,0.03226,0.00000,0.00000,0.06452,0.03226,0.06452,0.70968,0.22581,0.06452,175,19,16,3,0,0,0,0,0,0,0,-1,0,0,,39-119,10,,10.00000,-1,0,0,,37-117,3,,10.00000,-1,0,0,,74-84,2,,10.00000,83,1,5,,,0,,0.00000,31,2,10,,,0,,0.00000,0,-1,0,0,,,0,,0.00000,0,-1,0,0,,,0,,0.00000,-1,0,0,,33-93,2,,5.00000,"AspBridgex2(pos74-84,sev10); AspCleave(pos31,sev10); ProtTrypx10(pos39-119,sev10); MetOx(pos83,sev5); TrpOxx3(pos37-117,sev10); HydroPatchx2(pos33-93,sev5)",0.00000,0.00000,0.00000,0.00000,16.22381,0.82692,4.36952,8.41574,39.63517,False,False,True,True,0.00000,26.98170,23.23205,23.23205,0.10767,0.40235,0.10767,0.10767,0.11728,0.11651,0.11651,0.59875,0.75813,0.00000,0.00000,0.00000,0.65303,0.60754,1.63383,13.99241,False,False,False,False,False,False,False,True,False,False,False,False,44.56900,33.72900,653.73730,10933.66309,10279.92578,1,1,
penguinpox_14,penguinpox_14.cif,TVSGHDFSNYTISSDSYGYGTARADYSVSPSQLPQLTKESHFDY,EVQLVESGGGLVQPGGSLRLSCAATVSGHDFSNYTMGWFRQAPGKGRELVAAISSDSYGYGTYYPDSVEGRFTISRDNAKRMVYLQMNSLRAEDTAVYYCARADYSVSPSQLPQLTKESHFDYWGQGTQVTVSS,335,0,335.00000,335.00000,44,0.00000,0.06818,0.04545,0.00000,0.20455,0.04545,0.09091,0.04545,0.02273,0.02273,0.09091,0.04545,0.00000,0.04545,0.02273,0.02273,0.04545,0.04545,0.02273,0.11364,0.00000,0.65909,0.29545,0.04545,195,22,17,5,0,0,0,0,0,0,0,-1,0,0,,19-117,11,,10.00000,-1,0,0,,38-124,2,,10.00000,-1,0,0,,78-88,2,,10.00000,-1,0,0,,36-87,3,,5.00000,-1,0,0,,56-66,2,,10.00000,0,-1,0,0,,,0,,0.00000,0,-1,0,0,,,0,,0.00000,-1,0,0,,83-97,2,,5.00000,"AspBridgex2(pos78-88,sev10); AspCleavex2(pos56-66,sev10); ProtTrypx11(pos19-117,sev10); MetOxx3(pos36-87,sev5); TrpOxx2(pos38-124,sev10); HydroPatchx2(pos83-97,sev5)",0.00000,0.00000,0.00000,0.00000,23.01987,2.12800,4.51800,9.95280,35.24741,False,False,False,True,0.00000,23.53885,17.35210,17.35210,0.18357,0.41125,0.18357,0.18357,0.18357,0.19276,0.19276,0.59038,0.75448,0.00000,0.00000,0.00000,0.65115,0.57908,1.64588,13.21348,False,False,False,False,False,False,False,True,False,False,False,False,46.96480,37.16280,900.10352,12435.02734,11534.92383,4,0,
penguinpox_15,penguinpox_15.cif,GGTPGDGPGGSGKTEGVSAEDAKYEGGFEYW,EVQLVESGGGLVQAGGSLSISCAASGGTPGVLGWFRQAPGKEREFVAAIDGPGGSGKTTIGPPNVEGRFTISRDNAKNTGYLQMNSLAPDDTAVYYCGAGEGVSAEDAKYEGGFEYWGRGTQVTVSS,328,0,328.00000,328.00000,31,0.00000,0.32258,0.06452,0.00000,0.06452,0.06452,0.06452,0.03226,0.00000,0.00000,0.06452,0.00000,0.00000,0.00000,0.12903,0.06452,0.00000,0.03226,0.00000,0.06452,0.03226,0.80645,0.19355,0.00000,150,16,14,2,0,0,0,0,0,0,0,-1,0,0,,36-119,9,,10.00000,-1,0,0,,34-117,2,,10.00000,-1,0,0,,75-85,2,,10.00000,84,1,5,,,0,,0.00000,50,2,10,,,0,,0.00000,0,-1,0,0,,,0,,0.00000,0,-1,0,0,,,0,,0.00000,94,3,5,,,0,,0.00000,"AspBridgex2(pos75-85,sev10); AspCleave(pos50,sev10); ProtTrypx9(pos36-119,sev10); MetOx(pos84,sev5); TrpOxx2(pos34-117,sev10); HydroPatch(pos94,sev5)",0.00000,0.00000,0.00000,0.00000,21.11404,1.66967,2.26250,11.28524,37.48170,False,False,True,True,0.00000,23.63791,17.97020,18.06871,0.17934,0.43480,0.17934,0.17934,0.19358,0.20006,0.20006,0.60896,0.76130,0.00000,0.00000,0.00000,0.65839,0.60599,1.51453,12.79617,False,False,False,False,False,False,False,True,False,False,False,False,42.57830,27.79120,627.83203,11828.81445,11200.98242,2,2,
penguinpox_16,penguinpox_16.cif,GVSSSSSGGTPPRAPGGGASAGKAANPSYFGY,EVQLVESGGGLVQPGGSLRLSCAASGVSSSSAMGWLRQAPGKEREFVAAISGGTPPRTYYADSVKGRFTISRDNSKNTLYLQMNSLRPEDTAVYYCATAPGGGASAGKAANPSYFGYWGQGTLVTVSS,329,0,329.00000,329.00000,32,0.00000,0.25000,0.15625,0.00000,0.21875,0.12500,0.03125,0.03125,0.00000,0.03125,0.00000,0.00000,0.00000,0.00000,0.00000,0.03125,0.00000,0.03125,0.03125,0.06250,0.00000,0.75000,0.25000,0.00000,180,20,16,4,0,0,0,0,0,0,0,-1,0,0,,19-108,11,,10.00000,-1,0,0,,35-118,2,,10.00000,-1,0,0,,74-84,2,,10.00000,-1,0,0,,33-83,2,,5.00000,62,2,10,,,0,,0.00000,0,-1,0,0,,,0,,0.00000,0,-1,0,0,,,0,,0.00000,-1,0,0,,79-93,2,,5.00000,"AspBridgex2(pos74-84,sev10); AspCleave(pos62,sev10); ProtTrypx11(pos19-108,sev10); MetOxx2(pos33-83,sev5); TrpOxx2(pos35-118,sev10); HydroPatchx2(pos79-93,sev5)",0.00000,0.00000,0.00000,0.00000,10.38540,4.00101,6.12833,9.30952,20.21053,False,False,False,False,0.00000,26.49769,22.15538,22.15538,0.11466,0.41855,0.11466,0.11466,0.12824,0.12565,0.12565,0.62184,0.74800,0.00000,0.00000,0.00000,0.65823,0.62379,1.61231,13.17215,False,False,False,False,False,False,False,False,False,False,False,False,43.64640,21.07000,664.96777,10373.73145,9708.76367,1,2,
penguinpox_17,penguinpox_17.cif,SGPTSAGISSDGSTTAAGTGGAGGGSSEKSLDY,EVQLVESGGGLVQPGGSLRLSCAASGPTSAGMGWFRQAPGKGRELVAAISSDGSTTYYPDSVEGRFTISRDNAKRMVYLQMNSLRAEDTAVYYCAAGTGGAGGGSSEKSLDYWGQGTQVTVSS,324,0,324.00000,324.00000,33,0.00000,0.27273,0.12121,0.00000,0.24242,0.03030,0.12121,0.00000,0.03030,0.00000,0.06061,0.03030,0.00000,0.00000,0.03030,0.03030,0.00000,0.00000,0.00000,0.03030,0.00000,0.84848,0.09091,0.06061,185,21,16,5,0,0,0,0,0,0,0,-1,0,0,,19-108,10,,10.00000,-1,0,0,,34-113,2,,10.00000,-1,0,0,,72-82,2,,10.00000,-1,0,0,,32-81,3,,5.00000,-1,0,0,,52-60,2,,10.00000,0,-1,0,0,,,0,,0.00000,0,-1,0,0,,,0,,0.00000,-1,0,0,,77-91,2,,5.00000,"AspBridgex2(pos72-82,sev10); AspCleavex2(pos52-60,sev10); ProtTrypx10(pos19-108,sev10); MetOxx3(pos32-81,sev5); TrpOxx2(pos34-113,sev10); HydroPatchx2(pos77-91,sev5)",0.00000,0.00000,0.00000,0.00000,19.90037,4.89151,3.80540,13.76069,36.94320,False,False,False,False,0.00000,24.50179,17.55249,18.27265,0.16752,0.42076,0.16752,0.16752,0.19089,0.19967,0.19967,0.60711,0.72715,0.00000,0.00000,0.00000,0.66309,0.56844,1.78357,12.12524,False,False,False,False,False,False,False,False,False,False,False,False,41.74380,19.91120,535.04688,10931.12695,10396.08008,9,0,
penguinpox_18,penguinpox_18.cif,SGFSVPFSNSGINSKGTAANGSSGAGGDDEDAFDY,EVQLVESGGGLVQPGGSLRLSCAASGFSVPFSNSGMGWFRQAPGKGRELVAAINSKGTYYPDSVEGRFTISRDNAKRMVYLQMNSLRAEDTAVYYCAANGSSGAGGDDEDAFDYWGQGTQVTVSS,326,0,326.00000,326.00000,35,0.00000,0.20000,0.11429,0.00000,0.20000,0.02857,0.02857,0.02857,0.02857,0.08571,0.11429,0.00000,0.00000,0.00000,0.02857,0.02857,0.00000,0.08571,0.00000,0.02857,0.00000,0.71429,0.17143,0.11429,205,23,18,5,0,0,0,0,0,0,0,-1,0,0,,19-87,10,,10.00000,-1,0,0,,38-115,2,,10.00000,-1,0,0,,33-99,5,,10.00000,-1,0,0,,36-83,3,,5.00000,62,2,10,,,0,,0.00000,0,-1,0,0,,,0,,0.00000,0,-1,0,0,,,0,,0.00000,-1,0,0,,79-93,2,,5.00000,"AspBridgex5(pos33-99,sev10); AspCleave(pos62,sev10); ProtTrypx10(pos19-87,sev10); MetOxx3(pos36-83,sev5); TrpOxx2(pos38-115,sev10); HydroPatchx2(pos79-93,sev5)",0.00000,0.00000,0.00000,0.00000,21.48687,4.21192,2.86161,17.45033,32.45031,False,False,False,False,0.00000,25.62779,19.82214,19.82214,0.13224,0.41656,0.13224,0.13224,0.13735,0.14612,0.14612,0.59943,0.75342,0.00000,0.00000,0.00000,0.64965,0.58115,1.60834,12.81625,False,False,False,False,False,False,False,True,False,False,False,False,44.88140,30.71330,812.98438,12342.54297,11529.55859,5,4,
penguinpox_19,penguinpox_19.cif,GAKNVGNIDPGGSTAYASGGLTEGSTLA,EVQLVESGGGLVQPGGSLRLSCAASGAKNVGNMAWYRQAPGKGRELVAGIDPGGSTSYADSVKGRFTISRDNAKNTLYLQMNSLRPEDTAVYYCAAYASGGLTEGSTLAWGQGTLVTVSS,321,0,321.00000,321.00000,28,0.00000,0.25000,0.14286,0.00000,0.10714,0.03571,0.10714,0.03571,0.03571,0.07143,0.03571,0.07143,0.00000,0.00000,0.03571,0.03571,0.00000,0.00000,0.00000,0.03571,0.00000,0.75000,0.00000,0.25000,180,20,16,4,0,0,0,0,0,0,0,-1,0,0,,19-85,10,,10.00000,-1,0,0,,35-110,2,,10.00000,-1,0,0,,72-82,2,,10.00000,-1,0,0,,33-81,2,,5.00000,-1,0,0,,51-60,2,,10.00000,0,-1,0,0,,,0,,0.00000,0,-1,0,0,,,0,,0.00000,-1,0,0,,77-91,2,,5.00000,"AspBridgex2(pos72-82,sev10); AspCleavex2(pos51-60,sev10); ProtTrypx10(pos19-85,sev10); MetOxx2(pos33-81,sev5); TrpOxx2(pos35-110,sev10); HydroPatchx2(pos77-91,sev5)",0.00000,0.00000,0.00000,0.00000,12.39542,2.61054,5.32633,16.40185,21.31084,False,False,False,True,0.00000,24.57271,19.24589,19.24589,0.13467,0.40207,0.13467,0.13467,0.13467,0.15074,0.15074,0.57469,0.74491,0.00000,0.00000,0.00000,0.65738,0.56354,1.74633,13.12261,False,False,False,False,False,False,False,False,False,False,False,False,43.82660,27.59380,932.25781,11720.67969,10788.42188,5,0,
penguinpox_20,penguinpox_20.cif,GYGRLESSGGALRSPDGFEY,EVQLVESGGGLVQPGGSLRLSCAASGYGAMGWLRQAPGKEREFVAAIRLETYYADSVKGRFTISRDNSKNTLYLQMNSLRPEDTAVYYCATSSGGALRSPDGFEYWGQGTLVTVSS,317,0,317.00000,317.00000,20,0.00000,0.25000,0.05000,0.00000,0.15000,0.05000,0.00000,0.00000,0.00000,0.00000,0.05000,0.10000,0.00000,0.00000,0.10000,0.00000,0.00000,0.05000,0.10000,0.10000,0.00000,1.00000,0.00000,0.00000,190,21,17,4,0,0,0,0,0,0,0,-1,0,0,,19-98,11,,10.00000,-1,0,0,,32-106,2,,10.00000,-1,0,0,,67-77,2,,10.00000,-1,0,0,,30-76,2,,5.00000,-1,0,0,,55-101,2,,10.00000,0,-1,0,0,,,0,,0.00000,0,-1,0,0,,,0,,0.00000,-1,0,0,,72-86,2,,5.00000,"AspBridgex2(pos67-77,sev10); AspCleavex2(pos55-101,sev10); ProtTrypx11(pos19-98,sev10); MetOxx2(pos30-76,sev5); TrpOxx2(pos32-106,sev10); HydroPatchx2(pos72-86,sev5)",0.00000,0.00000,0.00000,0.00000,13.19916,1.34440,2.14098,12.67662,26.09595,False,False,True,True,0.00000,25.92840,21.51819,21.51819,0.11365,0.43218,0.11365,0.11365,0.12167,0.13013,0.13013,0.62203,0.75593,0.00000,0.00000,0.00000,0.64432,0.61251,1.55631,12.83042,False,False,False,False,False,False,False,True,False,False,False,False,48.07380,31.40000,378.17383,12174.98438,11796.81055,3,2,
penguinpox_21,penguinpox_21.cif,GFNFGYGGGTGSGGRGGGTKYLGQG,EVQLVESGGGVVQPGNSLRLSCAASGFNFGYGMSWVRQAPGKGLEWVSSIGGGTGSGGTLYADSVKGRFTISRDNAKTTLYLQMNSLRPEDTALYYCTIRGGGTKYLGQGTLVTVSS,318,0,318.00000,318.00000,25,0.00000,0.52000,0.00000,0.00000,0.04000,0.00000,0.08000,0.00000,0.00000,0.04000,0.00000,0.04000,0.00000,0.04000,0.00000,0.04000,0.00000,0.08000,0.04000,0.08000,0.00000,0.88000,0.12000,0.00000,180,20,16,4,0,0,0,0,0,0,0,-1,0,0,,19-105,10,,10.00000,-1,0,0,,35-46,2,,10.00000,-1,0,0,,16-85,3,,10.00000,-1,0,0,,33-84,2,,5.00000,63,2,10,,,0,,0.00000,0,-1,0,0,,,0,,0.00000,0,-1,0,0,,,0,,0.00000,-1,0,0,,80-94,2,,5.00000,"AspBridgex3(pos16-85,sev10); AspCleave(pos63,sev10); ProtTrypx10(pos19-105,sev10); MetOxx2(pos33-84,sev5); TrpOxx2(pos35-46,sev10); HydroPatchx2(pos80-94,sev5)",0.00000,0.00000,0.00000,0.00000,22.41678,3.88161,1.21867,12.13813,49.24930,False,False,False,True,0.00000,22.43431,14.35220,14.84293,0.19934,0.47808,0.19934,0.19934,0.22670,0.23302,0.23302,0.65762,0.74258,0.00452,0.00483,0.00452,0.65610,0.59295,1.42037,9.69514,False,False,False,False,False,False,False,False,False,False,False,False,47.63000,24.86260,592.93359,11839.53711,11246.60352,3,1,
penguinpox_22,penguinpox_22.cif,GGTLSGIGAYTGGNGGVYNGDYGTESQFGY,EVQLVESGGGLVQPGGSLRLSCAASGGTLSGMAWYRQAPGKGRELVAGIGAYTSYADSVKGRFTISRDNAKNTLYLQMNSLRPEDTAVYYCAGGNGGVYNGDYGTESQFGYWGQGTLVTVSS,323,0,323.00000,323.00000,30,0.00000,0.36667,0.03333,0.00000,0.06667,0.00000,0.10000,0.03333,0.03333,0.06667,0.03333,0.03333,0.00000,0.03333,0.03333,0.00000,0.00000,0.03333,0.00000,0.13333,0.00000,0.83333,0.10000,0.06667,180,20,16,4,0,0,0,0,0,0,0,-1,0,0,,19-82,9,,10.00000,-1,0,0,,34-112,2,,10.00000,-1,0,0,,69-100,4,,10.00000,-1,0,0,,32-78,2,,5.00000,57,2,10,,,0,,0.00000,0,-1,0,0,,,0,,0.00000,0,-1,0,0,,,0,,0.00000,-1,0,0,,74-88,2,,5.00000,"AspBridgex4(pos69-100,sev10); AspCleave(pos57,sev10); ProtTrypx9(pos19-82,sev10); MetOxx2(pos32-78,sev5); TrpOxx2(pos34-112,sev10); HydroPatchx2(pos74-88,sev5)",0.00000,0.00000,0.00000,0.00000,17.59145,3.91940,3.82952,19.95743,35.27462,False,False,False,True,0.00000,25.60138,20.01463,20.01463,0.12032,0.40590,0.12032,0.12032,0.15161,0.15298,0.15298,0.59341,0.75104,0.00000,0.00000,0.00000,0.63635,0.56782,1.71994,12.96437,False,False,False,False,False,False,False,True,False,False,False,False,44.95440,31.83530,682.34766,11210.48828,10528.14062,0,0,
penguinpox_23,penguinpox_23.cif,GSSSNGGTYDSNGSASASFPLAGAWGQG,EVQLVESGGGVVQPGNSLRLSCAASGSSSNGMSWVRQAPGKGLEWVSSIGGTYDSNTLYADSVKGRFTISRDNAKTTLYLQMNSLRPEDTALYYCTIGSASASFPLAGAWGQGTLVTVSS,321,0,321.00000,321.00000,28,0.00000,0.25000,0.14286,0.00000,0.25000,0.03571,0.03571,0.00000,0.00000,0.07143,0.03571,0.03571,0.00000,0.03571,0.00000,0.00000,0.00000,0.03571,0.00000,0.03571,0.03571,1.00000,0.00000,0.00000,190,21,17,4,0,0,0,0,0,0,0,-1,0,0,,19-86,8,,10.00000,-1,0,0,,34-110,3,,10.00000,-1,0,0,,16-83,4,,10.00000,-1,0,0,,32-82,2,,5.00000,-1,0,0,,54-61,2,,10.00000,0,-1,0,0,,,0,,0.00000,0,-1,0,0,,,0,,0.00000,-1,0,0,,78-92,2,,5.00000,"AspBridgex4(pos16-83,sev10); AspCleavex2(pos54-61,sev10); ProtTrypx8(pos19-86,sev10); MetOxx2(pos32-82,sev5); TrpOxx3(pos34-110,sev10); HydroPatchx2(pos78-92,sev5)",0.00000,0.00000,0.00000,0.00000,10.15205,5.45093,2.35098,11.28074,13.53607,False,False,False,False,0.00000,23.78188,17.17862,17.42929,0.17803,0.44066,0.17803,0.17803,0.19933,0.21252,0.21252,0.61882,0.74710,0.00000,0.00000,0.00000,0.63584,0.55184,1.63005,11.21957,False,False,False,False,False,False,False,False,False,False,False,False,47.73500,27.37340,635.51270,11943.59277,11308.08008,3,1,
penguinpox_24,penguinpox_24.cif,SGSATGGIGPGGTAAGGSGGGGDDESGYDY,EVQLVESGGGLVQPGGSLRLSCAASGSATGGMGWFRQAPGKGRELVAAIGPGGTYYPDSVEGRFTISRDNAKRMVYLQMNSLRAEDTAVYYCAAGGSGGGGDDESGYDYWGQGTQVTVSS,321,0,321.00000,321.00000,30,0.00000,0.43333,0.10000,0.00000,0.13333,0.03333,0.06667,0.00000,0.03333,0.00000,0.10000,0.00000,0.00000,0.00000,0.03333,0.00000,0.00000,0.00000,0.00000,0.06667,0.00000,0.76667,0.10000,0.13333,165,19,14,5,0,0,0,0,0,0,0,-1,0,0,,19-83,9,,10.00000,-1,0,0,,34-110,2,,10.00000,-1,0,0,,70-80,2,,10.00000,-1,0,0,,32-79,3,,5.00000,58,2,10,,,0,,0.00000,0,-1,0,0,,,0,,0.00000,0,-1,0,0,,,0,,0.00000,-1,0,0,,75-89,2,,5.00000,"AspBridgex2(pos70-80,sev10); AspCleave(pos58,sev10); ProtTrypx9(pos19-83,sev10); MetOxx3(pos32-79,sev5); TrpOxx2(pos34-110,sev10); HydroPatchx2(pos75-89,sev5)",0.00000,0.00000,0.00000,0.00000,21.42428,3.59839,1.22830,8.04140,32.22482,False,False,False,True,0.00000,22.88848,16.15718,16.15718,0.17083,0.44130,0.17083,0.17083,0.18377,0.20624,0.20624,0.61677,0.75142,0.00000,0.00000,0.00000,0.64695,0.56993,1.63889,11.32919,False,False,False,False,False,False,False,True,False,False,False,False,41.66690,16.88980,900.60840,12068.65820,11168.04980,2,0,
penguinpox_25,penguinpox_25.cif,SGVSDFSNTAISGSGGQTAAGGGASTNPSSWGA,EVQLVESGGGLVQPGGSLRLSCAASGVSDFSNTAMGWFRQAPGKGRELVAAISGSGGQTYYPDSVEGRFTISRDNAKRMVYLQMNSLRAEDTAVYYCAAGGGASTNPSSWGAWGQGTQVTVSS,324,0,324.00000,324.00000,33,0.00000,0.24242,0.15152,0.00000,0.24242,0.03030,0.09091,0.03030,0.03030,0.06061,0.03030,0.00000,0.00000,0.03030,0.00000,0.00000,0.00000,0.03030,0.00000,0.00000,0.03030,0.72727,0.18182,0.09091,175,20,15,5,0,0,0,0,0,0,0,-1,0,0,,19-88,9,,10.00000,-1,0,0,,37-113,3,,10.00000,-1,0,0,,75-85,2,,10.00000,-1,0,0,,35-84,3,,5.00000,63,2,10,,,0,,0.00000,0,-1,0,0,,,0,,0.00000,0,-1,0,0,,,0,,0.00000,-1,0,0,,80-94,2,,5.00000,"AspBridgex2(pos75-85,sev10); AspCleave(pos63,sev10); ProtTrypx9(pos19-88,sev10); MetOxx3(pos35-84,sev5); TrpOxx3(pos37-113,sev10); HydroPatchx2(pos80-94,sev5)",0.00000,0.00000,0.00000,0.00000,22.00526,1.19700,3.76964,11.98003,28.78498,False,False,True,True,0.00000,26.59644,22.75328,22.75328,0.11016,0.41736,0.11016,0.11016,0.11311,0.12473,0.12473,0.61218,0.78372,0.00000,0.00000,0.00000,0.65052,0.59098,1.52643,13.82360,False,False,False,False,False,False,False,True,False,False,False,False,43.74020,26.19870,587.94434,12301.72363,11713.77930,4,1,
penguinpox_26,penguinpox_26.cif,GHGSYSGSLTRGPFGKTSAADPSSWDY,EVQLVESGGGLVQPGGSLRLSCAASGHGAMGWLRQAPGKEREFVAAISYSGSTYYADSVKGRFTISRDNSKNTLYLQMNSLRPEDTAVYYCATLTRGPFGKTSAADPSSWDYWGQGTLVTVSS,324,0,324.00000,324.00000,27,0.00000,0.18519,0.07407,0.00000,0.22222,0.07407,0.07407,0.00000,0.00000,0.00000,0.07407,0.03704,0.00000,0.00000,0.00000,0.03704,0.03704,0.03704,0.03704,0.07407,0.03704,0.74074,0.25926,0.00000,200,22,18,4,0,0,0,0,0,0,0,-1,0,0,,19-101,11,,10.00000,-1,0,0,,32-113,3,,10.00000,-1,0,0,,69-79,2,,10.00000,-1,0,0,,30-78,2,,5.00000,-1,0,0,,57-106,2,,10.00000,0,-1,0,0,,,0,,0.00000,0,-1,0,0,,,0,,0.00000,-1,0,0,,74-88,2,,5.00000,"AspBridgex2(pos69-79,sev10); AspCleavex2(pos57-106,sev10); ProtTrypx11(pos19-101,sev10); MetOxx2(pos30-78,sev5); TrpOxx3(pos32-113,sev10); HydroPatchx2(pos74-88,sev5)",0.00000,0.00000,0.00000,0.00000,12.94076,1.18610,5.09691,9.50388,31.62937,False,False,True,True,0.00000,25.74398,20.79640,20.79640,0.11679,0.42755,0.11679,0.11679,0.15416,0.14651,0.14651,0.62629,0.77190,0.00000,0.00000,0.00000,0.65761,0.60596,1.55883,13.36085,False,False,False,False,False,False,False,True,False,False,False,False,46.64340,30.59310,616.04785,11990.07617,11374.02832,2,0,
penguinpox_27,penguinpox_27.cif,GGSLSGGIGSGGNTGGGSATAESAGDVSAFGAW,EVQLVESGGGLVQAGGSLSISCAASGGSLSGGIVLGWFRQAPGKEREFVAAIGSGGNTTIGPPNVEGRFTISRDNAKNTGYLQMNSLAPDDTAVYYCGAGGGGSATAESAGDVSAFGAWGRGTQVTVSS,330,0,330.00000,330.00000,33,0.00000,0.36364,0.15152,0.00000,0.18182,0.00000,0.06061,0.03030,0.03030,0.03030,0.03030,0.03030,0.00000,0.00000,0.03030,0.00000,0.00000,0.03030,0.00000,0.00000,0.03030,0.69697,0.30303,0.00000,125,14,11,3,0,0,0,0,0,0,0,-1,0,0,,39-121,7,,10.00000,-1,0,0,,37-119,2,,10.00000,-1,0,0,,75-85,2,,10.00000,84,1,5,,,0,,0.00000,-1,0,0,,,0,,0.00000,0,-1,0,0,,,0,,0.00000,0,-1,0,0,,,0,,0.00000,-1,0,0,,33-94,2,,5.00000,"AspBridgex2(pos75-85,sev10); ProtTrypx7(pos39-121,sev10); MetOx(pos84,sev5); TrpOxx2(pos37-119,sev10); HydroPatchx2(pos33-94,sev5)",0.00000,0.00000,0.00000,0.00000,20.63982,2.91483,8.49413,10.25026,33.45312,False,False,False,True,0.00000,22.93246,15.42010,15.42010,0.17182,0.43023,0.17182,0.17182,0.19195,0.21246,0.21246,0.60001,0.72594,0.00000,0.00000,0.00000,0.64334,0.54226,1.84863,11.97079,False,False,False,False,False,False,False,False,False,False,False,False,42.90480,29.37260,1172.28906,12961.37695,11789.08789,2,0,
penguinpox_28,penguinpox_28.cif,GHGGNSTSSDGGGGAGGGGGARSNMANPSSWWY,EVQLVESGGGLVQPGGSLRLSCAASGHGAMGWLRQAPGKEREFVAAIGNSTSSDTYYADSVKGRFTISRDNSKNTLYLQMNSLRPEDTAVYYCATGGGGAGGGGGARSNMANPSSWWYWGQGTLVTVSS,330,0,330.00000,330.00000,33,0.00000,0.36364,0.09091,0.00000,0.18182,0.03030,0.03030,0.00000,0.00000,0.09091,0.03030,0.00000,0.03030,0.00000,0.00000,0.00000,0.03030,0.00000,0.03030,0.03030,0.06061,0.72727,0.27273,0.00000,210,24,18,6,0,0,0,0,0,0,0,-1,0,0,,19-107,10,,10.00000,-1,0,0,,32-119,4,,10.00000,-1,0,0,,49-81,3,,10.00000,-1,0,0,,30-110,3,,5.00000,59,2,10,,,0,,0.00000,0,-1,0,0,,,0,,0.00000,0,-1,0,0,,,0,,0.00000,-1,0,0,,76-116,3,,5.00000,"AspBridgex3(pos49-81,sev10); AspCleave(pos59,sev10); ProtTrypx10(pos19-107,sev10); MetOxx3(pos30-110,sev5); TrpOxx4(pos32-119,sev10); HydroPatchx3(pos76-116,sev5)",0.00000,0.00000,0.00000,0.00000,13.14753,5.11125,2.41631,16.61023,17.76883,False,False,False,False,0.00000,23.78024,16.04601,16.04601,0.15126,0.44113,0.15126,0.15126,0.17323,0.20081,0.20081,0.63898,0.72104,0.00000,0.00000,0.00000,0.64336,0.57510,1.65246,10.47813,False,False,False,False,False,False,False,False,False,False,False,False,43.46580,22.63720,737.41211,11954.18262,11216.77051,2,1,
penguinpox_29,penguinpox_29.cif,GFSGGFSNHSGYSPYYGGADGSLVDEPGGADYWGQG,EVQLVESGGGVVQPGNSLRLSCAASGFSGGFSNHGMSWVRQAPGKGLEWVSSISGYSPYYTLYADSVKGRFTISRDNAKTTLYLQMNSLRPEDTALYYCTIGGADGSLVDEPGGADYWGQGTLVTVSS,329,0,329.00000,329.00000,36,0.00000,0.30556,0.05556,0.00000,0.13889,0.05556,0.00000,0.02778,0.00000,0.02778,0.08333,0.02778,0.00000,0.02778,0.02778,0.00000,0.02778,0.05556,0.00000,0.11111,0.02778,0.83333,0.16667,0.00000,180,20,16,4,0,0,0,0,0,0,0,-1,0,0,,19-90,8,,10.00000,-1,0,0,,38-118,3,,10.00000,-1,0,0,,16-87,3,,10.00000,-1,0,0,,36-86,2,,5.00000,-1,0,0,,65-105,2,,10.00000,0,-1,0,0,,,0,,0.00000,0,-1,0,0,,,0,,0.00000,-1,0,0,,82-96,2,,5.00000,"AspBridgex3(pos16-87,sev10); AspCleavex2(pos65-105,sev10); ProtTrypx8(pos19-90,sev10); MetOxx2(pos36-86,sev5); TrpOxx3(pos38-118,sev10); HydroPatchx2(pos82-96,sev5)",0.00000,0.00000,0.00000,0.00000,13.24620,5.18896,4.74879,16.77915,26.46084,False,False,False,False,0.00000,22.37356,15.61747,15.61747,0.20597,0.42335,0.20597,0.20597,0.20147,0.22807,0.22807,0.58146,0.76133,0.00000,0.00000,0.00000,0.63852,0.54091,1.69644,10.68186,False,False,False,False,False,False,False,True,False,False,False,False,49.67630,35.71850,1370.28613,12121.42383,10751.13770,6,0,
