id,final_rank,designed_sequence,designed_chain_sequence,num_design,design_to_target_iptm,min_design_to_target_pae,design_ptm,filter_rmsd,plip_hbonds_refolded,delta_sasa_refolded,design_chain_hydrophobicity,design_hydrophobicity,loop,helix,sheet,file_name,num_prot_tokens,num_lig_atoms,num_resolved_tokens,num_tokens,UNK_fraction,GLY_fraction,ALA_fraction,CYS_fraction,SER_fraction,PRO_fraction,THR_fraction,VAL_fraction,ILE_fraction,ASN_fraction,ASP_fraction,LEU_fraction,MET_fraction,GLN_fraction,GLU_fraction,LYS_fraction,HIS_fraction,PHE_fraction,ARG_fraction,TYR_fraction,TRP_fraction,liability_score,liability_num_violations,liability_high_severity_violations,liability_medium_severity_violations,liability_low_severity_violations,liability_AspBridge_count,liability_AspCleave_count,liability_ProtTryp_count,liability_MetOx_count,liability_TrpOx_count,liability_HydroPatch_count,liability_ProtTryp_position,liability_ProtTryp_length,liability_ProtTryp_severity,liability_ProtTryp_details,liability_ProtTryp_positions,liability_ProtTryp_num_positions,liability_ProtTryp_global_details,liability_ProtTryp_avg_severity,liability_TrpOx_position,liability_TrpOx_length,liability_TrpOx_severity,liability_TrpOx_details,liability_TrpOx_positions,liability_TrpOx_num_positions,liability_TrpOx_global_details,liability_TrpOx_avg_severity,liability_AspBridge_position,liability_AspBridge_length,liability_AspBridge_severity,liability_AspBridge_details,liability_AspBridge_positions,liability_AspBridge_num_positions,liability_AspBridge_global_details,liability_AspBridge_avg_severity,liability_MetOx_position,liability_MetOx_length,liability_MetOx_severity,liability_MetOx_details,liability_MetOx_positions,liability_MetOx_num_positions,liability_MetOx_global_details,liability_MetOx_avg_severity,liability_AspCleave_position,liability_AspCleave_length,liability_AspCleave_severity,liability_AspCleave_details,liability_AspCleave_positions,liability_AspCleave_num_positions,liability_AspCleave_global_details,liability_AspCleave_avg_severity,liability_NTCycl_count,liability_NTCycl_position,liability_NTCycl_length,liability_NTCycl_severity,liability_NTCycl_details,liability_NTCycl_positions,liability_NTCycl_num_positions,liability_NTCycl_global_details,liability_NTCycl_avg_severity,liability_DPP4_count,liability_DPP4_position,liability_DPP4_length,liability_DPP4_severity,liability_DPP4_details,liability_DPP4_positions,liability_DPP4_num_positions,liability_DPP4_global_details,liability_DPP4_avg_severity,liability_HydroPatch_position,liability_HydroPatch_length,liability_HydroPatch_severity,liability_HydroPatch_details,liability_HydroPatch_positions,liability_HydroPatch_num_positions,liability_HydroPatch_global_details,liability_HydroPatch_avg_severity,liability_violations_summary,native_rmsd,native_rmsd_bb,native_rmsd_refolded,native_rmsd_bb_refolded,bb_rmsd,bb_rmsd_design,bb_rmsd_target,bb_rmsd_design_target,bb_target_aligned_rmsd_design,bb_rmsd<2.5,bb_target_aligned<2.5,bb_designability_rmsd_2,bb_designability_rmsd_4,ligand_iptm,interaction_pae,min_interaction_pae,iptm,ptm,protein_iptm,design_iptm,design_iiptm,design_residue_iptm,target_ptm,design_ipsae_min,design_to_target_ipsae,target_to_design_ipsae,complex_plddt,complex_iplddt,complex_pde,complex_ipde,min_interaction_pae<1.5,min_interaction_pae<2,min_interaction_pae<2.5,min_interaction_pae<3,min_interaction_pae<4,min_interaction_pae<5,design_ptm>80,design_ptm>75,design_iptm>80,design_iptm>70,design_iptm>60,design_iptm>50,design_sasa_unbound_refolded,design_sasa_bound_refolded,plip_saltbridge_refolded,liability_details,filter_rmsd_design,neg_min_design_to_target_pae,neg_design_hydrophobicity,neg_min_interaction_pae,neg_filter_rmsd,neg_filter_rmsd_design,has_x,num_filters_passed,pass_has_x_filter,pass_filters,pass_filter_rmsd_filter,pass_filter_rmsd_design_filter,pass_CYS_fraction_filter,pass_ALA_fraction_filter,pass_GLY_fraction_filter,pass_GLU_fraction_filter,pass_LEU_fraction_filter,pass_VAL_fraction_filter,design_iiptm_z,design_ptm_z,min_design_to_target_pae_z,design_hydrophobicity_z,delta_sasa_refolded_z,plip_saltbridge_refolded_z,plip_hbonds_refolded_z,absolute_score,structure_confidence,rank_design_to_target_iptm,rank_design_ptm,rank_neg_min_design_to_target_pae,rank_plip_hbonds_refolded,rank_plip_saltbridge_refolded,rank_delta_sasa_refolded,max_rank,secondary_rank,quality_score,sequence
penguinpox_07,1,GATLPSSSLIKGSSTVGSGGFSEGSFVY,EVQLVESGGGLVQPGGSLRLSCAASGATLPSSSLMAWYRQAPGKGRELVAGIKGSSTSYADSVKGRFTISRDNAKNTLYLQMNSLRPEDTAVYYCAVGSGGFSEGSFVYWGQGTLVTVSS,28,0.25244,15.31615,0.7472,1.43477,4,657.58984,47.3912,36.4009,0.71429,0.10714,0.17857,penguinpox_07.cif,321,0,321.0,321.0,0.0,0.21429,0.03571,0.0,0.28571,0.03571,0.07143,0.07143,0.03571,0.0,0.0,0.07143,0.0,0.0,0.03571,0.03571,0.0,0.07143,0.0,0.03571,0.0,175,20,15,5,0,0,0,0,0,0,0,-1,0,0,,19-86,10,,10.0,-1,0,0,,37-110,2,,10.0,-1,0,0,,73-83,2,,10.0,-1,0,0,,35-82,2,,5.0,61,2,10,,,0,,0.0,0,-1,0,0,,,0,,0.0,0,-1,0,0,,,0,,0.0,-1,0,0,,78-107,3,,5.0,"AspBridgex2(pos73-83,sev10); AspCleave(pos61,sev10); ProtTrypx10(pos19-86,sev10); MetOxx2(pos35-82,sev5); TrpOxx2(pos37-110,sev10); HydroPatchx3(pos78-107,sev5)",0.0,0.0,0.0,0.0,1.43477,1.39769,1.33501,1.83677,1.65485,True,True,True,True,0.0,22.66887,15.31615,0.1979,0.45708,0.1979,0.1979,0.21995,0.25244,0.63233,0.0,0.0,0.0,0.67001,0.61938,1.5339,12.57122,False,False,False,False,False,False,False,False,False,False,False,False,12372.58203,11714.99219,0,,1.39769,-15.31615,-36.4009,-15.31615,-1.43477,-1.39769,False,9,True,True,True,True,True,True,True,True,True,True,-1.5335419588765575,2.201569861530869,1.7210433754334447,-0.9989199440054053,-1.3816388408362472,-0.9109110110510453,-0.695507473514706,-0.5524278093322172,-0.8615201614178272,1.0,1.0,1.0,0.5,0.5,0.5,1.0,1,1.0,GATLPSSSLIKGSSTVGSGGFSEGSFVY
penguinpox_29,2,GFSGGFSNHSGYSPYYGGADGSLVDEPGGADYWGQG,EVQLVESGGGVVQPGNSLRLSCAASGFSGGFSNHGMSWVRQAPGKGLEWVSSISGYSPYYTLYADSVKGRFTISRDNAKTTLYLQMNSLRPEDTALYYCTIGGADGSLVDEPGGADYWGQGTLVTVSS,36,0.22807,15.61747,0.76133,13.2462,6,1370.28613,49.6763,35.7185,0.83333,0.16667,0.0,penguinpox_29.cif,329,0,329.0,329.0,0.0,0.30556,0.05556,0.0,0.13889,0.05556,0.0,0.02778,0.0,0.02778,0.08333,0.02778,0.0,0.02778,0.02778,0.0,0.02778,0.05556,0.0,0.11111,0.02778,180,20,16,4,0,0,0,0,0,0,0,-1,0,0,,19-90,8,,10.0,-1,0,0,,38-118,3,,10.0,-1,0,0,,16-87,3,,10.0,-1,0,0,,36-86,2,,5.0,-1,0,0,,65-105,2,,10.0,0,-1,0,0,,,0,,0.0,0,-1,0,0,,,0,,0.0,-1,0,0,,82-96,2,,5.0,"AspBridgex3(pos16-87,sev10); AspCleavex2(pos65-105,sev10); ProtTrypx8(pos19-90,sev10); MetOxx2(pos36-86,sev5); TrpOxx3(pos38-118,sev10); HydroPatchx2(pos82-96,sev5)",0.0,0.0,0.0,0.0,13.2462,5.18896,4.74879,16.77915,26.46084,False,False,False,False,0.0,22.37356,15.61747,0.20597,0.42335,0.20597,0.20597,0.20147,0.22807,0.58146,0.0,0.0,0.0,0.63852,0.54091,1.69644,10.68186,False,False,False,False,False,False,False,True,False,False,False,False,12121.42383,10751.1377,0,,5.18896,-15.61747,-35.7185,-15.61747,-13.2462,-5.18896,False,1,True,False,False,False,True,True,False,True,True,True,-1.7075205810180858,2.5385972152748386,1.7990169623903753,-1.0891162342352232,0.0026209647808922475,-0.9109110110510453,-0.2467505096716142,-0.000475593939398424,-0.8948955743084166,3.0,11.0,4.0,1.5,11.0,1.0,11.0,2,0.9655172413793104,GFSGGFSNHSGYSPYYGGADGSLVDEPGGADYWGQG
penguinpox_06,3,GFTFSSYSGSGSYSSYPDAGGLSTGGYDY,EVQLVESGGGLVQPGGSLRLSCAASGFTFSSYAMGWLRQAPGKEREFVAAISGSGSYTYYADSVKGRFTISRDNSKNTLYLQMNSLRPEDTAVYYCATSSYPDAGGLSTGGYDYWGQGTLVTVSS,29,0.19539,17.30045,0.78473,19.30753,3,1012.85742,48.1043,34.2736,0.7931,0.2069,0.0,penguinpox_06.cif,326,0,326.0,326.0,0.0,0.24138,0.03448,0.0,0.27586,0.03448,0.06897,0.0,0.0,0.0,0.06897,0.03448,0.0,0.0,0.0,0.0,0.0,0.06897,0.0,0.17241,0.0,160,18,14,4,0,0,0,0,0,0,0,-1,0,0,,19-87,9,,10.0,-1,0,0,,36-115,2,,10.0,-1,0,0,,74-84,2,,10.0,-1,0,0,,34-83,2,,5.0,62,2,10,,,0,,0.0,0,-1,0,0,,,0,,0.0,0,-1,0,0,,,0,,0.0,-1,0,0,,79-93,2,,5.0,"AspBridgex2(pos74-84,sev10); AspCleave(pos62,sev10); ProtTrypx9(pos19-87,sev10); MetOxx2(pos34-83,sev5); TrpOxx2(pos36-115,sev10); HydroPatchx2(pos79-93,sev5)",0.0,0.0,0.0,0.0,19.30753,2.21924,4.0857,12.90644,38.05288,False,False,False,True,0.0,23.15577,17.30045,0.17799,0.41427,0.17799,0.17799,0.18093,0.19539,0.58053,0.0,0.0,0.0,0.64305,0.54155,1.6913,12.28751,False,False,False,False,False,False,False,True,False,False,False,False,11325.3584,10312.50098,1,,2.21924,-17.30045,-34.2736,-17.30045,-19.30753,-2.21924,False,1,True,False,False,True,True,True,True,True,True,True,-1.90089292402604,3.0967316864431993,2.2345273413123685,-1.2800960404384232,-0.691607703964647,-0.3894733852049158,-0.919885955436252,-0.05825441150673552,-1.0348217688467236,11.0,4.0,8.0,6.0,5.5,3.0,11.0,2,0.9310344827586207,GFTFSSYSGSGSYSSYPDAGGLSTGGYDY
penguinpox_15,4,GGTPGDGPGGSGKTEGVSAEDAKYEGGFEYW,EVQLVESGGGLVQAGGSLSISCAASGGTPGVLGWFRQAPGKEREFVAAIDGPGGSGKTTIGPPNVEGRFTISRDNAKNTGYLQMNSLAPDDTAVYYCGAGEGVSAEDAKYEGGFEYWGRGTQVTVSS,31,0.20006,18.06871,0.7613,21.11404,2,627.83203,42.5783,27.7912,0.80645,0.19355,0.0,penguinpox_15.cif,328,0,328.0,328.0,0.0,0.32258,0.06452,0.0,0.06452,0.06452,0.06452,0.03226,0.0,0.0,0.06452,0.0,0.0,0.0,0.12903,0.06452,0.0,0.03226,0.0,0.06452,0.03226,150,16,14,2,0,0,0,0,0,0,0,-1,0,0,,36-119,9,,10.0,-1,0,0,,34-117,2,,10.0,-1,0,0,,75-85,2,,10.0,84,1,5,,,0,,0.0,50,2,10,,,0,,0.0,0,-1,0,0,,,0,,0.0,0,-1,0,0,,,0,,0.0,94,3,5,,,0,,0.0,"AspBridgex2(pos75-85,sev10); AspCleave(pos50,sev10); ProtTrypx9(pos36-119,sev10); MetOx(pos84,sev5); TrpOxx2(pos34-117,sev10); HydroPatch(pos94,sev5)",0.0,0.0,0.0,0.0,21.11404,1.66967,2.2625,11.28524,37.4817,False,False,True,True,0.0,23.63791,17.9702,0.17934,0.4348,0.17934,0.17934,0.19358,0.20006,0.60896,0.0,0.0,0.0,0.65839,0.60599,1.51453,12.79617,False,False,False,False,False,False,False,True,False,False,False,False,11828.81445,11200.98242,2,,1.66967,-18.06871,-27.7912,-17.9702,-21.11404,-1.66967,False,1,True,False,False,True,True,True,False,True,True,True,-1.7818004148220177,2.537881658260521,2.433332558077042,-2.1369079275805265,-1.4394370093747584,0.13196424064121373,-1.144264437357798,-0.00655126956088372,-1.1784768575075197,9.0,12.0,11.0,8.0,2.5,10.0,12.0,3,0.896551724137931,GGTPGDGPGGSGKTEGVSAEDAKYEGGFEYW
penguinpox_14,5,TVSGHDFSNYTISSDSYGYGTARADYSVSPSQLPQLTKESHFDY,EVQLVESGGGLVQPGGSLRLSCAATVSGHDFSNYTMGWFRQAPGKGRELVAAISSDSYGYGTYYPDSVEGRFTISRDNAKRMVYLQMNSLRAEDTAVYYCARADYSVSPSQLPQLTKESHFDYWGQGTQVTVSS,44,0.19276,17.3521,0.75448,23.01987,4,900.10352,46.9648,37.1628,0.65909,0.29545,0.04545,penguinpox_14.cif,335,0,335.0,335.0,0.0,0.06818,0.04545,0.0,0.20455,0.04545,0.09091,0.04545,0.02273,0.02273,0.09091,0.04545,0.0,0.04545,0.02273,0.02273,0.04545,0.04545,0.02273,0.11364,0.0,195,22,17,5,0,0,0,0,0,0,0,-1,0,0,,19-117,11,,10.0,-1,0,0,,38-124,2,,10.0,-1,0,0,,78-88,2,,10.0,-1,0,0,,36-87,3,,5.0,-1,0,0,,56-66,2,,10.0,0,-1,0,0,,,0,,0.0,0,-1,0,0,,,0,,0.0,-1,0,0,,83-97,2,,5.0,"AspBridgex2(pos78-88,sev10); AspCleavex2(pos56-66,sev10); ProtTrypx11(pos19-117,sev10); MetOxx3(pos36-87,sev5); TrpOxx2(pos38-124,sev10); HydroPatchx2(pos83-97,sev5)",0.0,0.0,0.0,0.0,23.01987,2.128,4.518,9.9528,35.24741,False,False,False,True,0.0,23.53885,17.3521,0.18357,0.41125,0.18357,0.18357,0.18357,0.19276,0.59038,0.0,0.0,0.0,0.65115,0.57908,1.64588,13.21348,False,False,False,False,False,False,False,True,False,False,False,False,12435.02734,11534.92383,0,,2.128,-17.3521,-37.1628,-17.3521,-23.01987,-2.128,False,1,True,False,False,True,True,True,True,True,True,True,-1.8760388351486788,2.375211697005471,2.2478929850344094,-0.8982157330937729,-0.9106079904633665,-0.9109110110510453,-0.695507473514706,-0.06872249997613752,-1.174530388672141,12.0,16.0,9.0,4.0,11.0,4.5,16.0,4,0.8620689655172413,TVSGHDFSNYTISSDSYGYGTARADYSVSPSQLPQLTKESHFDY
penguinpox_18,6,SGFSVPFSNSGINSKGTAANGSSGAGGDDEDAFDY,EVQLVESGGGLVQPGGSLRLSCAASGFSVPFSNSGMGWFRQAPGKGRELVAAINSKGTYYPDSVEGRFTISRDNAKRMVYLQMNSLRAEDTAVYYCAANGSSGAGGDDEDAFDYWGQGTQVTVSS,35,0.14612,19.82214,0.75342,21.48687,5,812.98438,44.8814,30.7133,0.71429,0.17143,0.11429,penguinpox_18.cif,326,0,326.0,326.0,0.0,0.2,0.11429,0.0,0.2,0.02857,0.02857,0.02857,0.02857,0.08571,0.11429,0.0,0.0,0.0,0.02857,0.02857,0.0,0.08571,0.0,0.02857,0.0,205,23,18,5,0,0,0,0,0,0,0,-1,0,0,,19-87,10,,10.0,-1,0,0,,38-115,2,,10.0,-1,0,0,,33-99,5,,10.0,-1,0,0,,36-83,3,,5.0,62,2,10,,,0,,0.0,0,-1,0,0,,,0,,0.0,0,-1,0,0,,,0,,0.0,-1,0,0,,79-93,2,,5.0,"AspBridgex5(pos33-99,sev10); AspCleave(pos62,sev10); ProtTrypx10(pos19-87,sev10); MetOxx3(pos36-83,sev5); TrpOxx2(pos38-115,sev10); HydroPatchx2(pos79-93,sev5)",0.0,0.0,0.0,0.0,21.48687,4.21192,2.86161,17.45033,32.45031,False,False,False,False,0.0,25.62779,19.82214,0.13224,0.41656,0.13224,0.13224,0.13735,0.14612,0.59943,0.0,0.0,0.0,0.64965,0.58115,1.60834,12.81625,False,False,False,False,False,False,False,True,False,False,False,False,12342.54297,11529.55859,4,,4.21192,-19.82214,-30.7133,-19.82214,-21.48687,-4.21192,False,1,True,False,False,False,True,True,True,True,True,True,-2.3111736790546007,2.3499286824995522,2.8870735197718873,-1.7506790593499422,-1.079818249439083,1.1748394923334728,-0.47112899159316013,-0.007758159029517735,-1.6093131430306848,17.0,17.0,15.0,2.5,1.5,6.0,17.0,5,0.8275862068965517,SGFSVPFSNSGINSKGTAANGSSGAGGDDEDAFDY
penguinpox_24,7,SGSATGGIGPGGTAAGGSGGGGDDESGYDY,EVQLVESGGGLVQPGGSLRLSCAASGSATGGMGWFRQAPGKGRELVAAIGPGGTYYPDSVEGRFTISRDNAKRMVYLQMNSLRAEDTAVYYCAAGGSGGGGDDESGYDYWGQGTQVTVSS,30,0.20624,16.15718,0.75142,21.42428,2,900.6084,41.6669,16.8898,0.76667,0.1,0.13333,penguinpox_24.cif,321,0,321.0,321.0,0.0,0.43333,0.1,0.0,0.13333,0.03333,0.06667,0.0,0.03333,0.0,0.1,0.0,0.0,0.0,0.03333,0.0,0.0,0.0,0.0,0.06667,0.0,165,19,14,5,0,0,0,0,0,0,0,-1,0,0,,19-83,9,,10.0,-1,0,0,,34-110,2,,10.0,-1,0,0,,70-80,2,,10.0,-1,0,0,,32-79,3,,5.0,58,2,10,,,0,,0.0,0,-1,0,0,,,0,,0.0,0,-1,0,0,,,0,,0.0,-1,0,0,,75-89,2,,5.0,"AspBridgex2(pos70-80,sev10); AspCleave(pos58,sev10); ProtTrypx9(pos19-83,sev10); MetOxx3(pos32-79,sev5); TrpOxx2(pos34-110,sev10); HydroPatchx2(pos75-89,sev5)",0.0,0.0,0.0,0.0,21.42428,3.59839,1.2283,8.0414,32.22482,False,False,False,True,0.0,22.88848,16.15718,0.17083,0.4413,0.17083,0.17083,0.18377,0.20624,0.61677,0.0,0.0,0.0,0.64695,0.56993,1.63889,11.32919,False,False,False,False,False,False,False,True,False,False,False,False,12068.6582,11168.0498,0,,3.59839,-16.15718,-16.8898,-16.15718,-21.42428,-3.59839,False,1,True,False,False,False,True,True,False,True,True,True,-1.8741559496276667,2.302224881544992,1.9386795291517087,-3.5778015945080415,-0.9096273692640335,-0.9109110110510453,-1.144264437357798,-0.0005881987150470833,-1.0646892152027518,6.0,18.0,7.0,8.0,11.0,4.0,18.0,6,0.7931034482758621,SGSATGGIGPGGTAAGGSGGGGDDESGYDY
penguinpox_26,8,GHGSYSGSLTRGPFGKTSAADPSSWDY,EVQLVESGGGLVQPGGSLRLSCAASGHGAMGWLRQAPGKEREFVAAISYSGSTYYADSVKGRFTISRDNSKNTLYLQMNSLRPEDTAVYYCATLTRGPFGKTSAADPSSWDYWGQGTLVTVSS,27,0.14651,20.7964,0.7719,12.94076,2,616.04785,46.6434,30.5931,0.74074,0.25926,0.0,penguinpox_26.cif,324,0,324.0,324.0,0.0,0.18519,0.07407,0.0,0.22222,0.07407,0.07407,0.0,0.0,0.0,0.07407,0.03704,0.0,0.0,0.0,0.03704,0.03704,0.03704,0.03704,0.07407,0.03704,200,22,18,4,0,0,0,0,0,0,0,-1,0,0,,19-101,11,,10.0,-1,0,0,,32-113,3,,10.0,-1,0,0,,69-79,2,,10.0,-1,0,0,,30-78,2,,5.0,-1,0,0,,57-106,2,,10.0,0,-1,0,0,,,0,,0.0,0,-1,0,0,,,0,,0.0,-1,0,0,,74-88,2,,5.0,"AspBridgex2(pos69-79,sev10); AspCleavex2(pos57-106,sev10); ProtTrypx11(pos19-101,sev10); MetOxx2(pos30-78,sev5); TrpOxx3(pos32-113,sev10); HydroPatchx2(pos74-88,sev5)",0.0,0.0,0.0,0.0,12.94076,1.1861,5.09691,9.50388,31.62937,False,False,True,True,0.0,25.74398,20.7964,0.11679,0.42755,0.11679,0.11679,0.15416,0.14651,0.62629,0.0,0.0,0.0,0.65761,0.60596,1.55883,13.36085,False,False,False,False,False,False,False,True,False,False,False,False,11990.07617,11374.02832,0,,1.1861,-20.7964,-30.5931,-20.7964,-12.94076,-1.1861,False,1,True,False,False,True,True,True,True,True,True,True,-2.1529171510135243,2.790711803319693,3.1391860474124655,-1.7665665067204348,-1.4623252535610125,-0.9109110110510453,-1.144264437357798,-0.09065276933171251,-1.5586989187064575,16.0,8.0,18.0,8.0,11.0,10.5,18.0,6,0.7586206896551724,GHGSYSGSLTRGPFGKTSAADPSSWDY
penguinpox_03,9,GSFYKGSKSDTIGTDYSDTSKYKY,EVQLVESGGGLVQPGGSLRLSCAASGSFYAMGWLRQAPGKEREFVAAIKGSKTYYADSVKGRFTISRDNSKNTLYLQMNSLRPEDTAVYYCATSDTIGTDYSDTSKYKYWGQGTLVTVSS,24,0.1406,19.94506,0.77666,14.97947,2,564.08887,45.6649,25.7454,0.79167,0.125,0.08333,penguinpox_03.cif,321,0,321.0,321.0,0.0,0.125,0.0,0.0,0.20833,0.0,0.125,0.0,0.04167,0.0,0.125,0.0,0.0,0.0,0.0,0.16667,0.0,0.04167,0.0,0.16667,0.0,200,22,18,4,0,0,0,0,0,0,0,-1,0,0,,19-108,13,,10.0,-1,0,0,,33-110,2,,10.0,-1,0,0,,69-79,2,,10.0,-1,0,0,,31-78,2,,5.0,57,2,10,,,0,,0.0,0,-1,0,0,,,0,,0.0,0,-1,0,0,,,0,,0.0,-1,0,0,,74-88,2,,5.0,"AspBridgex2(pos69-79,sev10); AspCleave(pos57,sev10); ProtTrypx13(pos19-108,sev10); MetOxx2(pos31-78,sev5); TrpOxx2(pos33-110,sev10); HydroPatchx2(pos74-88,sev5)",0.0,0.0,0.0,0.0,14.97947,2.14993,1.73425,15.78261,29.12179,False,False,False,True,0.0,25.59672,19.94506,0.12792,0.44209,0.12792,0.12792,0.13779,0.1406,0.64197,0.0,0.0,0.0,0.66203,0.61934,1.43069,13.39256,False,False,False,False,False,False,False,True,False,False,False,False,11956.02148,11391.93262,1,,2.14993,-19.94506,-25.7454,-19.94506,-14.97947,-2.14993,False,1,True,False,False,True,True,True,True,True,True,True,-2.307031330908374,2.904246849591547,2.9188819404168695,-2.407311753125898,-1.563244436899072,-0.3894733852049158,-1.144264437357798,-0.08451982969660057,-1.509515938611788,18.0,6.0,16.0,8.0,5.5,12.5,18.0,6,0.7241379310344828,GSFYKGSKSDTIGTDYSDTSKYKY
penguinpox_22,10,GGTLSGIGAYTGGNGGVYNGDYGTESQFGY,EVQLVESGGGLVQPGGSLRLSCAASGGTLSGMAWYRQAPGKGRELVAGIGAYTSYADSVKGRFTISRDNAKNTLYLQMNSLRPEDTAVYYCAGGNGGVYNGDYGTESQFGYWGQGTLVTVSS,30,0.15298,20.01463,0.75104,17.59145,0,682.34766,44.9544,31.8353,0.83333,0.1,0.06667,penguinpox_22.cif,323,0,323.0,323.0,0.0,0.36667,0.03333,0.0,0.06667,0.0,0.1,0.03333,0.03333,0.06667,0.03333,0.03333,0.0,0.03333,0.03333,0.0,0.0,0.03333,0.0,0.13333,0.0,180,20,16,4,0,0,0,0,0,0,0,-1,0,0,,19-82,9,,10.0,-1,0,0,,34-112,2,,10.0,-1,0,0,,69-100,4,,10.0,-1,0,0,,32-78,2,,5.0,57,2,10,,,0,,0.0,0,-1,0,0,,,0,,0.0,0,-1,0,0,,,0,,0.0,-1,0,0,,74-88,2,,5.0,"AspBridgex4(pos69-100,sev10); AspCleave(pos57,sev10); ProtTrypx9(pos19-82,sev10); MetOxx2(pos32-78,sev5); TrpOxx2(pos34-112,sev10); HydroPatchx2(pos74-88,sev5)",0.0,0.0,0.0,0.0,17.59145,3.9194,3.82952,19.95743,35.27462,False,False,False,True,0.0,25.60138,20.01463,0.12032,0.4059,0.12032,0.12032,0.15161,0.15298,0.59341,0.0,0.0,0.0,0.63635,0.56782,1.71994,12.96437,False,False,False,False,False,False,False,True,False,False,False,False,11210.48828,10528.14062,0,,3.9194,-20.01463,-31.8353,-20.01463,-17.59145,-3.9194,False,1,True,False,False,False,True,True,False,True,True,True,-2.17692394140643,2.2931611593636267,2.9368848026384065,-1.6023785938782897,-1.333552081326521,-0.9109110110510453,-1.5930214012008896,-0.0009405576046811644,-1.5868912657452092,14.0,19.0,17.0,14.5,11.0,8.0,19.0,7,0.6896551724137931,GGTLSGIGAYTGGNGGVYNGDYGTESQFGY
